Country,Price,Size,Marketplace,Reference,Moy_prix_by_size
Ariana,180000.0,68.0,Jumia TN,L-TN-00157378,2647.0588235294117
Nabeul,650000.0,157.0,Jumia TN,L-TN-00163387,4140.127388535032
Ben arous,252000.0,180.0,Jumia TN,L-TN-00123031,1400.0
Nabeul,170000.0,180.0,Jumia TN,L-TN-00135725,944.4444444444445
Banlieue Nord,350000.0,140.0,Jumia TN,L-TN-00131866,2500.0
Sousse,800000.0,150.0,Jumia TN,L-TN-00140822,5333.333333333333
Ariana,210000.0,157.0,Jumia TN,L-TN-00149547,1337.5796178343949
Ariana,543904.0,236.0,Jumia TN,L-TN-00105103,2304.677966101695
Ariana,160000.0,150.0,Jumia TN,L-TN-00155703,1066.6666666666667
Ben arous,188000.0,106.0,Jumia TN,L-TN-00150930,1773.5849056603774
Nabeul,345000.0,142.0,Jumia TN,L-TN-00107452,2429.5774647887324
Sousse,950.0,160.0,Jumia TN,L-TN-00115412,5.9375
Banlieue Nord,410000.0,165.0,Jumia TN,L-TN-00148251,2484.848484848485
Ariana,214550.0,123.0,Jumia TN,L-TN-00153142,1744.3089430894308
Ariana,175000.0,75.0,Jumia TN,L-TN-00149075,2333.3333333333335
Ben arous,160000.0,129.0,Jumia TN,L-TN-00125951,1240.3100775193798
Sousse,270000.0,63.0,Jumia TN,L-TN-00153593,4285.714285714285
Ben arous,145000.0,100.0,Jumia TN,L-TN-00163485,1450.0
Ben arous,80000.0,80.0,Jumia TN,L-TN-00127076,1000.0
Banlieue Nord,235000.0,135.0,Jumia TN,L-TN-00137940,1740.7407407407406
Banlieue Nord,450000.0,152.0,Jumia TN,L-TN-00123222,2960.5263157894738
Ariana,258000.0,99.0,Jumia TN,L-TN-00127517,2606.060606060606
Banlieue Nord,1500000.0,280.0,Jumia TN,L-TN-00132571,5357.142857142857
Ariana,257000.0,136.0,Jumia TN,L-TN-00154245,1889.7058823529412
Ariana,160000.0,150.0,Jumia TN,L-TN-00153433,1066.6666666666667
Banlieue Nord,293000.0,93.0,Jumia TN,L-TN-00131676,3150.537634408602
Sousse,750.0,100.0,Jumia TN,L-TN-00142237,7.5
Sousse,230000.0,76.0,Jumia TN,L-TN-00159053,3026.315789473684
Ariana,195000.0,90.0,Jumia TN,L-TN-00136491,2166.6666666666665
Ariana,180000.0,147.0,Jumia TN,L-TN-00154286,1224.4897959183672
Nabeul,65000.0,80.0,Jumia TN,L-TN-00154577,812.5
Banlieue Nord,680000.0,270.0,Jumia TN,L-TN-00139478,2518.5185185185187
Banlieue Nord,950000.0,314.0,Jumia TN,L-TN-00130161,3025.477707006369
Sousse,95000.0,120.0,Jumia TN,L-TN-00142500,791.6666666666666
Banlieue Nord,560000.0,116.0,Jumia TN,L-TN-00146879,4827.586206896552
Nabeul,55000.0,60.0,Jumia TN,L-TN-00142596,916.6666666666666
Banlieue Nord,980000.0,230.0,Jumia TN,L-TN-00153540,4260.869565217391
Ben arous,250000.0,158.0,Jumia TN,L-TN-00147191,1582.2784810126582
Ariana,260000.0,130.0,Jumia TN,L-TN-00113935,2000.0
Ariana,380000.0,134.0,Jumia TN,L-TN-00127164,2835.820895522388
Sousse,198000.0,124.0,Jumia TN,L-TN-00155377,1596.774193548387
Ariana,183000.0,147.0,Jumia TN,L-TN-00148939,1244.8979591836735
Sousse,130000.0,65.0,Jumia TN,L-TN-00146482,2000.0
Banlieue Nord,552000.0,230.0,Jumia TN,L-TN-00131348,2400.0
Ariana,250000.0,104.0,Jumia TN,L-TN-00154296,2403.846153846154
Sousse,190000.0,116.0,Jumia TN,L-TN-00146709,1637.9310344827586
Sousse,250000.0,158.0,Jumia TN,L-TN-00112958,1582.2784810126582
Ben arous,130000.0,80.0,Jumia TN,L-TN-00161916,1625.0
Nabeul,420000.0,120.0,Jumia TN,L-TN-00131273,3500.0
Ben arous,252000.0,180.0,Jumia TN,L-TN-00123029,1400.0
Ariana,175075.0,76.0,Jumia TN,L-TN-00154761,2303.6184210526317
Banlieue Nord,580000.0,145.0,Jumia TN,L-TN-00120642,4000.0
Banlieue Nord,500000.0,178.0,Jumia TN,L-TN-00152624,2808.9887640449438
Ariana,300000.0,191.0,Jumia TN,L-TN-00153888,1570.6806282722514
Ariana,419000.0,156.0,Jumia TN,L-TN-00127497,2685.897435897436
Ariana,89000.0,53.0,Jumia TN,L-TN-00150628,1679.245283018868
Ben arous,98000.0,90.0,Jumia TN,L-TN-00141411,1088.888888888889
Sousse,110000.0,87.0,Jumia TN,L-TN-00140966,1264.367816091954
Ariana,225000.0,105.0,Jumia TN,L-TN-00149771,2142.8571428571427
Mahdia,395000.0,138.0,Jumia TN,L-TN-00100118,2862.31884057971
Sousse,225000.0,108.0,Jumia TN,L-TN-00150727,2083.3333333333335
Ariana,387782.0,158.0,Jumia TN,L-TN-00149010,2454.3164556962024
Banlieue Nord,435000.0,196.0,Jumia TN,L-TN-00149476,2219.387755102041
Ben arous,130000.0,104.0,Jumia TN,L-TN-00131125,1250.0
Ariana,320000.0,124.0,Jumia TN,L-TN-00149887,2580.6451612903224
Ariana,198170.0,111.0,Jumia TN,L-TN-00152738,1785.3153153153153
Sousse,260000.0,137.0,Jumia TN,L-TN-00150568,1897.8102189781023
Ariana,308000.0,145.0,Jumia TN,L-TN-00132420,2124.137931034483
Ariana,340500.0,159.0,Jumia TN,L-TN-00150569,2141.509433962264
Banlieue Nord,300.0,112.0,Jumia TN,L-TN-00134221,2.6785714285714284
Nabeul,320000.0,149.0,Jumia TN,L-TN-00145142,2147.6510067114095
Banlieue Nord,880000.0,271.0,Jumia TN,L-TN-00154111,3247.2324723247234
Ariana,340000.0,145.0,Jumia TN,L-TN-00123930,2344.8275862068967
Banlieue Nord,210000.0,69.0,Jumia TN,L-TN-00148679,3043.478260869565
Nabeul,158519.0,65.0,Jumia TN,L-TN-00163769,2438.753846153846
Banlieue Nord,180000.0,100.0,Jumia TN,L-TN-00102426,1800.0
Ariana,250000.0,105.0,Jumia TN,L-TN-00154210,2380.9523809523807
Ariana,108000.0,60.0,Jumia TN,L-TN-00161302,1800.0
Banlieue Nord,3000.0,76.0,Jumia TN,L-TN-00125998,39.473684210526315
Banlieue Nord,400000.0,152.0,Jumia TN,L-TN-00150373,2631.5789473684213
Ariana,250000.0,104.0,Jumia TN,L-TN-00149250,2403.846153846154
Nabeul,145000.0,90.0,Jumia TN,L-TN-00161512,1611.111111111111
Ariana,170000.0,147.0,Jumia TN,L-TN-00154417,1156.4625850340135
Nabeul,350000.0,124.0,Jumia TN,L-TN-00161769,2822.5806451612902
Ariana,175000.0,60.0,Jumia TN,L-TN-00104851,2916.6666666666665
Ariana,260000.0,200.0,Jumia TN,L-TN-00153998,1300.0
Banlieue Nord,385000.0,145.0,Jumia TN,L-TN-00136418,2655.1724137931033
Banlieue Nord,340000.0,180.0,Jumia TN,L-TN-00154107,1888.888888888889
Ariana,159000.0,70.0,Jumia TN,L-TN-00155172,2271.4285714285716
Banlieue Nord,800000.0,272.0,Jumia TN,L-TN-00134307,2941.176470588235
Sousse,340000.0,230.0,Jumia TN,L-TN-00138642,1478.2608695652175
Sousse,270000.0,128.0,Jumia TN,L-TN-00122318,2109.375
Banlieue Nord,810000.0,148.0,Jumia TN,L-TN-00124230,5472.972972972973
Banlieue Nord,413000.0,153.0,Jumia TN,L-TN-00161425,2699.346405228758
Ben arous,150000.0,117.0,Jumia TN,L-TN-00126303,1282.051282051282
Banlieue Nord,240000.0,85.0,Jumia TN,L-TN-00146320,2823.529411764706
Ariana,260000.0,122.0,Jumia TN,L-TN-00145914,2131.1475409836066
Banlieue Nord,1050000.0,400.0,Jumia TN,L-TN-00148780,2625.0
Bizerte,230000.0,121.0,Jumia TN,L-TN-00152878,1900.8264462809918
Banlieue Nord,2500.0,235.0,Jumia TN,L-TN-00146602,10.638297872340425
Ben arous,160000.0,103.0,Jumia TN,L-TN-00128165,1553.3980582524273
Ariana,275000.0,136.0,Jumia TN,L-TN-00152563,2022.0588235294117
Ariana,190000.0,112.0,Jumia TN,L-TN-00125283,1696.4285714285713
Ariana,183000.0,147.0,Jumia TN,L-TN-00152618,1244.8979591836735
Banlieue Nord,395000.0,138.0,Jumia TN,L-TN-00150385,2862.31884057971
Banlieue Nord,435000.0,162.0,Jumia TN,L-TN-00108958,2685.185185185185
Sousse,350000.0,250.0,Jumia TN,L-TN-00135376,1400.0
Ariana,335000.0,140.0,Jumia TN,L-TN-00152815,2392.8571428571427
Sousse,280000.0,220.0,Jumia TN,L-TN-00146444,1272.7272727272727
Nabeul,380000.0,107.0,Jumia TN,L-TN-00155937,3551.4018691588785
Nabeul,240000.0,157.0,Jumia TN,L-TN-00161594,1528.6624203821657
Ariana,328960.0,132.0,Jumia TN,L-TN-00132418,2492.121212121212
Banlieue Nord,450000.0,159.0,Jumia TN,L-TN-00087871,2830.188679245283
Ariana,288418.0,125.0,Jumia TN,L-TN-00152524,2307.344
Banlieue Nord,225000.0,110.0,Jumia TN,L-TN-00122579,2045.4545454545455
Sousse,250000.0,180.0,Jumia TN,L-TN-00135143,1388.888888888889
Banlieue Nord,1050000.0,245.0,Jumia TN,L-TN-00142099,4285.714285714285
Sousse,195000.0,120.0,Jumia TN,L-TN-00137299,1625.0
Ariana,315000.0,162.0,Jumia TN,L-TN-00092747,1944.4444444444443
Sousse,520000.0,192.0,Jumia TN,L-TN-00109790,2708.3333333333335
Banlieue Nord,501000.0,180.0,Jumia TN,L-TN-00149765,2783.3333333333335
Ariana,272000.0,129.0,Jumia TN,L-TN-00156925,2108.5271317829456
Mannouba,130000.0,105.0,Jumia TN,L-TN-00132437,1238.095238095238
Sousse,180000.0,76.0,Jumia TN,L-TN-00107287,2368.4210526315787
Ariana,180000.0,147.0,Jumia TN,L-TN-00154235,1224.4897959183672
Nabeul,130000.0,65.0,Jumia TN,L-TN-00161281,2000.0
Sousse,280000.0,155.0,Jumia TN,L-TN-00139585,1806.4516129032259
Mahdia,414500.0,145.0,Jumia TN,L-TN-00096524,2858.6206896551726
Ariana,375000.0,156.0,Jumia TN,L-TN-00123928,2403.846153846154
Djerba,296000.0,150.0,Jumia TN,L-TN-00095783,1973.3333333333333
Sousse,200000.0,115.0,Jumia TN,L-TN-00138570,1739.1304347826087
Sousse,256000.0,160.0,Jumia TN,L-TN-00155351,1600.0
Sousse,72000.0,50.0,Jumia TN,L-TN-00140088,1440.0
Banlieue Nord,590000.0,200.0,Jumia TN,L-TN-00115546,2950.0
Ben arous,180000.0,112.0,Jumia TN,L-TN-00121120,1607.142857142857
Sousse,225000.0,120.0,Jumia TN,L-TN-00163405,1875.0
Banlieue Nord,495000.0,135.0,Jumia TN,L-TN-00113977,3666.6666666666665
Ariana,85000.0,90.0,Jumia TN,L-TN-00158630,944.4444444444445
Nabeul,1300000.0,156.0,Jumia TN,L-TN-00101455,8333.333333333334
Ben arous,133000.0,78.0,Jumia TN,L-TN-00113730,1705.128205128205
Ariana,199000.0,132.0,Jumia TN,L-TN-00105452,1507.5757575757575
Nabeul,310000.0,100.0,Jumia TN,L-TN-00126537,3100.0
Ariana,148400.0,106.0,Jumia TN,L-TN-00148829,1400.0
Sousse,250000.0,142.0,Jumia TN,L-TN-00130594,1760.5633802816901
Banlieue Nord,250000.0,168.0,Jumia TN,L-TN-00149853,1488.095238095238
Banlieue Nord,293000.0,73.0,Jumia TN,L-TN-00114806,4013.698630136986
Banlieue Nord,190000.0,76.0,Jumia TN,L-TN-00159862,2500.0
Banlieue Nord,240000.0,100.0,Jumia TN,L-TN-00163303,2400.0
Banlieue Nord,650000.0,200.0,Jumia TN,L-TN-00126525,3250.0
Sousse,105000.0,24.0,Jumia TN,L-TN-00126181,4375.0
Banlieue Nord,222000.0,73.0,Jumia TN,L-TN-00162282,3041.095890410959
Nabeul,82000.0,40.0,Jumia TN,L-TN-00164669,2050.0
Ariana,358000.0,170.0,Jumia TN,L-TN-00132324,2105.8823529411766
Djerba,128400.0,130.0,Jumia TN,L-TN-00013720,987.6923076923077
Nabeul,240000.0,150.0,Jumia TN,L-TN-00161783,1600.0
Sousse,255000.0,51.0,Jumia TN,L-TN-00150355,5000.0
Banlieue Nord,250000.0,101.0,Jumia TN,L-TN-00141522,2475.2475247524753
Banlieue Nord,240000.0,130.0,Jumia TN,L-TN-00145166,1846.1538461538462
Nabeul,300000.0,153.0,Jumia TN,L-TN-00153611,1960.7843137254902
Banlieue Nord,270000.0,190.0,Jumia TN,L-TN-00137068,1421.0526315789473
Banlieue Nord,950000.0,400.0,Jumia TN,L-TN-00126534,2375.0
Sousse,168000.0,130.0,Jumia TN,L-TN-00156932,1292.3076923076924
Banlieue Nord,850000.0,197.0,Jumia TN,L-TN-00152482,4314.720812182741
Sousse,155000.0,125.0,Jumia TN,L-TN-00150751,1240.0
Nabeul,247215.0,106.0,Jumia TN,L-TN-00163765,2332.2169811320755
Sousse,1100000.0,250.0,Jumia TN,L-TN-00142521,4400.0
Ariana,385000.0,159.0,Jumia TN,L-TN-00123924,2421.383647798742
Banlieue Nord,178000.0,105.0,Jumia TN,L-TN-00148373,1695.2380952380952
Banlieue Nord,345000.0,113.0,Jumia TN,L-TN-00136243,3053.097345132743
Sousse,140000.0,90.0,Jumia TN,L-TN-00114512,1555.5555555555557
Ariana,250000.0,171.0,Jumia TN,L-TN-00154525,1461.9883040935672
Ariana,352000.0,132.0,Jumia TN,L-TN-00127529,2666.6666666666665
Banlieue Nord,150000.0,40.0,Jumia TN,L-TN-00156981,3750.0
Ariana,4150000.0,250.0,Jumia TN,L-TN-00151318,16600.0
Ariana,229000.0,122.0,Jumia TN,L-TN-00116546,1877.049180327869
Banlieue Nord,270000.0,135.0,Jumia TN,L-TN-00164641,2000.0
Banlieue Nord,400000.0,152.0,Jumia TN,L-TN-00152665,2631.5789473684213
Nabeul,240000.0,104.0,Jumia TN,L-TN-00155254,2307.6923076923076
Sousse,155000.0,125.0,Jumia TN,L-TN-00152636,1240.0
Banlieue Nord,326304.0,102.0,Jumia TN,L-TN-00113951,3199.0588235294117
Banlieue Nord,270000.0,100.0,Jumia TN,L-TN-00164294,2700.0
Nabeul,2500.0,196.0,Jumia TN,L-TN-00155821,12.755102040816327
Banlieue Nord,424160.0,153.0,Jumia TN,L-TN-00133031,2772.2875816993464
Ariana,239750.0,138.0,Jumia TN,L-TN-00152715,1737.3188405797102
Ariana,110000.0,39.0,Jumia TN,L-TN-00156806,2820.5128205128203
Ben arous,145000.0,102.0,Jumia TN,L-TN-00129978,1421.5686274509803
Sousse,330000.0,123.0,Jumia TN,L-TN-00123118,2682.9268292682927
Ariana,439000.0,184.0,Jumia TN,L-TN-00127505,2385.8695652173915
Sousse,370000.0,111.0,Jumia TN,L-TN-00115410,3333.3333333333335
Banlieue Nord,410000.0,156.0,Jumia TN,L-TN-00153940,2628.2051282051284
Ariana,223440.0,133.0,Jumia TN,L-TN-00154576,1680.0
Nabeul,212000.0,106.0,Jumia TN,L-TN-00122179,2000.0
Ariana,211190.0,121.0,Jumia TN,L-TN-00153318,1745.3719008264463
Banlieue Nord,394872.0,144.0,Jumia TN,L-TN-00133030,2742.1666666666665
Ben arous,160000.0,100.0,Jumia TN,L-TN-00115304,1600.0
Nabeul,140000.0,80.0,Jumia TN,L-TN-00145139,1750.0
Ben arous,135000.0,120.0,Jumia TN,L-TN-00126239,1125.0
Sousse,250000.0,148.0,Jumia TN,L-TN-00150670,1689.1891891891892
Banlieue Nord,297000.0,91.0,Jumia TN,L-TN-00143562,3263.736263736264
Sousse,167000.0,110.0,Jumia TN,L-TN-00156890,1518.1818181818182
Ben arous,165000.0,100.0,Jumia TN,L-TN-00129845,1650.0
Nabeul,97000.0,40.0,Jumia TN,L-TN-00160384,2425.0
Ariana,210000.0,84.0,Jumia TN,L-TN-00164069,2500.0
Nabeul,380000.0,157.0,Jumia TN,L-TN-00144986,2420.3821656050955
Banlieue Nord,704000.0,258.0,Jumia TN,L-TN-00161415,2728.6821705426355
Nabeul,650000.0,300.0,Jumia TN,L-TN-00148707,2166.6666666666665
Sousse,310000.0,123.0,Jumia TN,L-TN-00115926,2520.3252032520327
Ariana,260000.0,120.0,Jumia TN,L-TN-00151291,2166.6666666666665
Sousse,167000.0,90.0,Jumia TN,L-TN-00135126,1855.5555555555557
Sousse,141250.0,105.0,Jumia TN,L-TN-00150650,1345.2380952380952
Ariana,181000.0,60.0,Jumia TN,L-TN-00129060,3016.6666666666665
Sousse,495000.0,165.0,Jumia TN,L-TN-00163572,3000.0
Sousse,170000.0,70.0,Jumia TN,L-TN-00125276,2428.5714285714284
Ariana,369760.0,176.0,Jumia TN,L-TN-00132326,2100.909090909091
Sousse,340000.0,110.0,Jumia TN,L-TN-00120785,3090.909090909091
Ariana,250000.0,171.0,Jumia TN,L-TN-00153713,1461.9883040935672
Nabeul,140000.0,60.0,Jumia TN,L-TN-00132253,2333.3333333333335
Sousse,110000.0,38.0,Jumia TN,L-TN-00162240,2894.7368421052633
Sousse,125000.0,50.0,Jumia TN,L-TN-00161387,2500.0
Banlieue Nord,170000.0,98.0,Jumia TN,L-TN-00124533,1734.6938775510205
Ariana,210000.0,117.0,Jumia TN,L-TN-00114939,1794.871794871795
Ben arous,155000.0,128.0,Jumia TN,L-TN-00126904,1210.9375
Nabeul,252000.0,126.0,Jumia TN,L-TN-00121469,2000.0
Banlieue Nord,178000.0,104.0,Jumia TN,L-TN-00149158,1711.5384615384614
Bizerte,185000.0,150.0,Jumia TN,L-TN-00130659,1233.3333333333333
Banlieue Nord,135000.0,90.0,Jumia TN,L-TN-00132033,1500.0
Ariana,258000.0,136.0,Jumia TN,L-TN-00104846,1897.0588235294117
Ariana,250000.0,111.0,Jumia TN,L-TN-00155919,2252.252252252252
Ariana,150000.0,100.0,Jumia TN,L-TN-00131552,1500.0
Banlieue Nord,430000.0,177.0,Jumia TN,L-TN-00152598,2429.3785310734465
Banlieue Nord,250000.0,100.0,Jumia TN,L-TN-00154715,2500.0
Ariana,440000.0,162.0,Jumia TN,L-TN-00120790,2716.0493827160494
Ariana,300000.0,119.0,Jumia TN,L-TN-00149803,2521.0084033613443
Banlieue Nord,265000.0,135.0,Jumia TN,L-TN-00163833,1962.962962962963
Sousse,250000.0,100.0,Jumia TN,L-TN-00140980,2500.0
Banlieue Nord,380000.0,138.0,Jumia TN,L-TN-00137517,2753.623188405797
Sousse,146000.0,42.0,Jumia TN,L-TN-00115927,3476.190476190476
Sousse,220000.0,50.0,Jumia TN,L-TN-00115654,4400.0
Sousse,217000.0,148.0,Jumia TN,L-TN-00156836,1466.2162162162163
Sousse,215000.0,130.0,Jumia TN,L-TN-00161735,1653.8461538461538
Banlieue Nord,460000.0,200.0,Jumia TN,L-TN-00139547,2300.0
Sousse,180.0,50.0,Jumia TN,L-TN-00138636,3.6
Nabeul,330000.0,117.0,Jumia TN,L-TN-00155827,2820.5128205128203
Ariana,985800.0,283.0,Jumia TN,L-TN-00156859,3483.39222614841
Ariana,357050.0,202.0,Jumia TN,L-TN-00152590,1767.5742574257426
Banlieue Nord,255000.0,169.0,Jumia TN,L-TN-00148252,1508.8757396449705
Ariana,700000.0,360.0,Jumia TN,L-TN-00153710,1944.4444444444443
Mahdia,348300.0,122.0,Jumia TN,L-TN-00096496,2854.9180327868853
Sousse,298000.0,119.0,Jumia TN,L-TN-00163410,2504.201680672269
Sousse,125000.0,78.0,Jumia TN,L-TN-00105437,1602.5641025641025
Banlieue Nord,468000.0,234.0,Jumia TN,L-TN-00087993,2000.0
Ariana,281600.0,128.0,Jumia TN,L-TN-00158774,2200.0
Nabeul,145000.0,75.0,Jumia TN,L-TN-00102751,1933.3333333333333
Ariana,367000.0,132.0,Jumia TN,L-TN-00129068,2780.3030303030305
Ariana,210000.0,105.0,Jumia TN,L-TN-00153458,2000.0
Sousse,220000.0,70.0,Jumia TN,L-TN-00132848,3142.8571428571427
Ben arous,173000.0,105.0,Jumia TN,L-TN-00152907,1647.6190476190477
Ben arous,190000.0,145.0,Jumia TN,L-TN-00152577,1310.344827586207
Ariana,560000.0,180.0,Jumia TN,L-TN-00127501,3111.1111111111113
Sousse,140000.0,85.0,Jumia TN,L-TN-00134843,1647.0588235294117
Ariana,410000.0,143.0,Jumia TN,L-TN-00164097,2867.132867132867
Banlieue Nord,280000.0,160.0,Jumia TN,L-TN-00148257,1750.0
Banlieue Nord,800000.0,223.0,Jumia TN,L-TN-00163367,3587.4439461883408
Sousse,170000.0,103.0,Jumia TN,L-TN-00141050,1650.485436893204
Banlieue Nord,580000.0,242.0,Jumia TN,L-TN-00112627,2396.694214876033
Ariana,125000.0,60.0,Jumia TN,L-TN-00085031,2083.3333333333335
Ariana,316000.0,137.0,Jumia TN,L-TN-00136432,2306.5693430656934
Sousse,120000.0,100.0,Jumia TN,L-TN-00152774,1200.0
Banlieue Nord,230000.0,147.0,Jumia TN,L-TN-00146580,1564.6258503401361
Ben arous,272450.0,195.0,Jumia TN,L-TN-00123032,1397.179487179487
Sousse,240000.0,103.0,Jumia TN,L-TN-00148628,2330.097087378641
Banlieue Nord,298000.0,77.0,Jumia TN,L-TN-00161457,3870.12987012987
Banlieue Nord,421200.0,162.0,Jumia TN,L-TN-00126512,2600.0
Sousse,350000.0,175.0,Jumia TN,L-TN-00159771,2000.0
Banlieue Nord,950000.0,316.0,Jumia TN,L-TN-00150497,3006.3291139240505
Banlieue Nord,265000.0,135.0,Jumia TN,L-TN-00150398,1962.962962962963
Ben arous,160000.0,95.0,Jumia TN,L-TN-00121069,1684.2105263157894
Mahdia,316800.0,131.0,Jumia TN,L-TN-00096485,2418.320610687023
Banlieue Nord,244000.0,144.0,Jumia TN,L-TN-00162233,1694.4444444444443
Ariana,255000.0,120.0,Jumia TN,L-TN-00154295,2125.0
Ariana,196610.0,110.0,Jumia TN,L-TN-00153570,1787.3636363636363
Sousse,145000.0,97.0,Jumia TN,L-TN-00141447,1494.8453608247423
Sousse,330000.0,100.0,Jumia TN,L-TN-00115903,3300.0
Banlieue Nord,200000.0,100.0,Jumia TN,L-TN-00132818,2000.0
Ben arous,125000.0,95.0,Jumia TN,L-TN-00142029,1315.7894736842106
Banlieue Nord,215000.0,104.0,Jumia TN,L-TN-00149676,2067.3076923076924
Banlieue Nord,160000.0,74.0,Jumia TN,L-TN-00129123,2162.162162162162
Nabeul,245.0,117.0,Jumia TN,L-TN-00058969,2.094017094017094
Ariana,183000.0,73.0,Jumia TN,L-TN-00154937,2506.849315068493
Sousse,210000.0,143.0,Jumia TN,L-TN-00156667,1468.5314685314686
Nabeul,300000.0,80.0,Jumia TN,L-TN-00134412,3750.0
Ariana,162000.0,100.0,Jumia TN,L-TN-00157846,1620.0
Banlieue Nord,623353.0,172.0,Jumia TN,L-TN-00155224,3624.1453488372094
Sfax,150000.0,106.0,Jumia TN,L-TN-00141890,1415.0943396226414
Sousse,222000.0,70.0,Jumia TN,L-TN-00131796,3171.4285714285716
Nabeul,370000.0,160.0,Jumia TN,L-TN-00161283,2312.5
Ariana,440000.0,144.0,Jumia TN,L-TN-00127081,3055.5555555555557
Sousse,250000.0,80.0,Jumia TN,L-TN-00135343,3125.0
Mahdia,202500.0,84.0,Jumia TN,L-TN-00096570,2410.714285714286
Ariana,260000.0,120.0,Jumia TN,L-TN-00147152,2166.6666666666665
Ben arous,272451.0,195.0,Jumia TN,L-TN-00123034,1397.1846153846154
Ariana,375000.0,156.0,Jumia TN,L-TN-00123922,2403.846153846154
Sousse,400000.0,118.0,Jumia TN,L-TN-00123190,3389.830508474576
Ariana,153000.0,130.0,Jumia TN,L-TN-00154199,1176.923076923077
Banlieue Nord,2000.0,180.0,Jumia TN,L-TN-00161190,11.11111111111111
Sousse,1800.0,80.0,Jumia TN,L-TN-00137197,22.5
Nabeul,650.0,120.0,Jumia TN,L-TN-00145161,5.416666666666667
Mahdia,230200.0,95.0,Jumia TN,L-TN-00100383,2423.157894736842
Sousse,255000.0,183.0,Jumia TN,L-TN-00156511,1393.4426229508197
Ariana,405725.0,183.0,Jumia TN,L-TN-00159139,2217.0765027322404
Banlieue Nord,300000.0,90.0,Jumia TN,L-TN-00142635,3333.3333333333335
Ariana,365000.0,175.0,Jumia TN,L-TN-00152818,2085.714285714286
Ariana,300000.0,150.0,Jumia TN,L-TN-00099401,2000.0
Sousse,230000.0,120.0,Jumia TN,L-TN-00135053,1916.6666666666667
Sousse,259000.0,130.0,Jumia TN,L-TN-00137587,1992.3076923076924
Ariana,95760.0,57.0,Jumia TN,L-TN-00153292,1680.0
Nabeul,220000.0,176.0,Jumia TN,L-TN-00161290,1250.0
Ariana,90000.0,50.0,Jumia TN,L-TN-00150026,1800.0
Ariana,250000.0,104.0,Jumia TN,L-TN-00153115,2403.846153846154
Sousse,250000.0,90.0,Jumia TN,L-TN-00150023,2777.777777777778
Sousse,105000.0,80.0,Jumia TN,L-TN-00158451,1312.5
Banlieue Nord,406000.0,150.0,Jumia TN,L-TN-00161433,2706.6666666666665
Ariana,175000.0,68.0,Jumia TN,L-TN-00127534,2573.529411764706
Sousse,195000.0,90.0,Jumia TN,L-TN-00161390,2166.6666666666665
Sousse,150000.0,75.0,Jumia TN,L-TN-00150168,2000.0
Banlieue Nord,190000.0,103.0,Jumia TN,L-TN-00142639,1844.6601941747572
Sousse,270000.0,131.0,Jumia TN,L-TN-00139576,2061.0687022900765
Nabeul,320000.0,100.0,Jumia TN,L-TN-00097495,3200.0
Nabeul,180000.0,140.0,Jumia TN,L-TN-00161562,1285.7142857142858
Banlieue Nord,1200000.0,200.0,Jumia TN,L-TN-00149867,6000.0
Nabeul,380000.0,117.0,Jumia TN,L-TN-00163389,3247.863247863248
Ariana,183000.0,147.0,Jumia TN,L-TN-00153406,1244.8979591836735
Ariana,222000.0,80.0,Jumia TN,L-TN-00127543,2775.0
Ariana,265000.0,133.0,Jumia TN,L-TN-00150984,1992.4812030075188
Nabeul,180000.0,92.0,Jumia TN,L-TN-00160145,1956.5217391304348
Nabeul,250000.0,67.0,Jumia TN,L-TN-00092107,3731.3432835820895
Banlieue Nord,250000.0,69.0,Jumia TN,L-TN-00108205,3623.1884057971015
Ben arous,165000.0,101.0,Jumia TN,L-TN-00157504,1633.6633663366338
Nabeul,130000.0,85.0,Jumia TN,L-TN-00144969,1529.4117647058824
Ariana,250000.0,171.0,Jumia TN,L-TN-00154902,1461.9883040935672
Sousse,249000.0,150.0,Jumia TN,L-TN-00138964,1660.0
Banlieue Nord,470000.0,125.0,Jumia TN,L-TN-00113965,3760.0
Ariana,170000.0,147.0,Jumia TN,L-TN-00154441,1156.4625850340135
Sousse,240000.0,140.0,Jumia TN,L-TN-00137194,1714.2857142857142
Banlieue Nord,240000.0,130.0,Jumia TN,L-TN-00121274,1846.1538461538462
Sousse,180000.0,120.0,Jumia TN,L-TN-00135351,1500.0
Ariana,500.0,100.0,Jumia TN,L-TN-00158109,5.0
Sousse,170000.0,106.0,Jumia TN,L-TN-00155171,1603.7735849056603
Sousse,250023.0,127.0,Jumia TN,L-TN-00106628,1968.6850393700788
Nabeul,220000.0,95.0,Jumia TN,L-TN-00155927,2315.7894736842104
Sousse,285000.0,180.0,Jumia TN,L-TN-00139663,1583.3333333333333
Ben arous,250000.0,158.0,Jumia TN,L-TN-00141424,1582.2784810126582
Sousse,400000.0,141.0,Jumia TN,L-TN-00113638,2836.8794326241136
Sousse,150000.0,100.0,Jumia TN,L-TN-00146475,1500.0
Banlieue Nord,410000.0,200.0,Jumia TN,L-TN-00126531,2050.0
Banlieue Nord,270000.0,140.0,Jumia TN,L-TN-00141542,1928.5714285714287
Nabeul,296000.0,78.0,Jumia TN,L-TN-00153961,3794.871794871795
Sousse,405000.0,135.0,Jumia TN,L-TN-00163408,3000.0
Banlieue Nord,830000.0,250.0,Jumia TN,L-TN-00156244,3320.0
Sousse,250000.0,57.0,Jumia TN,L-TN-00132044,4385.964912280701
Ariana,570000.0,228.0,Jumia TN,L-TN-00139070,2500.0
Nabeul,200000.0,163.0,Jumia TN,L-TN-00163504,1226.993865030675
Ariana,387782.0,158.0,Jumia TN,L-TN-00149011,2454.3164556962024
Sousse,111111.0,122.0,Jumia TN,L-TN-00152547,910.7459016393443
Sousse,175000.0,90.0,Jumia TN,L-TN-00120826,1944.4444444444443
Banlieue Nord,650000.0,222.0,Jumia TN,L-TN-00133270,2927.927927927928
Mahdia,295300.0,103.0,Jumia TN,L-TN-00100371,2866.990291262136
Banlieue Nord,159000.0,70.0,Jumia TN,L-TN-00153725,2271.4285714285716
Banlieue Nord,350000.0,109.0,Jumia TN,L-TN-00145742,3211.0091743119265
Nabeul,262000.0,135.0,Jumia TN,L-TN-00153609,1940.7407407407406
Ariana,322000.0,150.0,Jumia TN,L-TN-00150563,2146.6666666666665
Mannouba,198000.0,114.0,Jumia TN,L-TN-00129160,1736.842105263158
Bizerte,350000.0,200.0,Jumia TN,L-TN-00132739,1750.0
Nabeul,210000.0,104.0,Jumia TN,L-TN-00122009,2019.2307692307693
Ariana,206000.0,118.0,Jumia TN,L-TN-00153719,1745.7627118644068
Sousse,266000.0,148.0,Jumia TN,L-TN-00145770,1797.2972972972973
Banlieue Nord,355000.0,160.0,Jumia TN,L-TN-00109089,2218.75
Ariana,410000.0,170.0,Jumia TN,L-TN-00123921,2411.764705882353
Nabeul,160000.0,67.0,Jumia TN,L-TN-00149385,2388.0597014925374
Nabeul,350000.0,132.0,Jumia TN,L-TN-00098707,2651.5151515151515
Nabeul,185000.0,100.0,Jumia TN,L-TN-00155924,1850.0
Nabeul,140000.0,100.0,Jumia TN,L-TN-00152889,1400.0
Sousse,500000.0,100.0,Jumia TN,L-TN-00120437,5000.0
Nabeul,235000.0,110.0,Jumia TN,L-TN-00144971,2136.3636363636365
Banlieue Nord,1400000.0,500.0,Jumia TN,L-TN-00126502,2800.0
Sousse,248000.0,113.0,Jumia TN,L-TN-00153880,2194.690265486726
Banlieue Nord,530000.0,290.0,Jumia TN,L-TN-00158990,1827.5862068965516
Sousse,170000.0,106.0,Jumia TN,L-TN-00136768,1603.7735849056603
Sousse,162000.0,95.0,Jumia TN,L-TN-00135136,1705.2631578947369
Ariana,550000.0,150.0,Jumia TN,L-TN-00106937,3666.6666666666665
Banlieue Nord,568000.0,218.0,Jumia TN,L-TN-00158124,2605.5045871559632
Banlieue Nord,150000.0,80.0,Jumia TN,L-TN-00109430,1875.0
Banlieue Nord,400000.0,153.0,Jumia TN,L-TN-00100014,2614.37908496732
Banlieue Nord,1700000.0,370.0,Jumia TN,L-TN-00126473,4594.594594594595
Nabeul,170000.0,65.0,Jumia TN,L-TN-00152489,2615.3846153846152
Sousse,145000.0,96.0,Jumia TN,L-TN-00158459,1510.4166666666667
Banlieue Nord,264800.0,132.0,Jumia TN,L-TN-00123865,2006.060606060606
Banlieue Nord,950000.0,170.0,Jumia TN,L-TN-00126479,5588.235294117647
Ariana,75000.0,50.0,Jumia TN,L-TN-00154686,1500.0
Ariana,250000.0,172.0,Jumia TN,L-TN-00147545,1453.4883720930231
Sousse,1400000.0,380.0,Jumia TN,L-TN-00126122,3684.2105263157896
Ariana,293000.0,118.0,Jumia TN,L-TN-00127524,2483.0508474576272
Sousse,175000.0,90.0,Jumia TN,L-TN-00120827,1944.4444444444443
Sousse,110000.0,100.0,Jumia TN,L-TN-00159778,1100.0
Nabeul,190000.0,135.0,Jumia TN,L-TN-00152708,1407.4074074074074
Ben arous,140000.0,110.0,Jumia TN,L-TN-00159315,1272.7272727272727
Banlieue Nord,661000.0,241.0,Jumia TN,L-TN-00161412,2742.738589211618
Nabeul,150000.0,97.0,Jumia TN,L-TN-00163509,1546.3917525773195
Ben arous,215000.0,99.0,Jumia TN,L-TN-00153064,2171.717171717172
Nabeul,140000.0,75.0,Jumia TN,L-TN-00161278,1866.6666666666667
Banlieue Nord,199000.0,100.0,Jumia TN,L-TN-00154075,1990.0
Djerba,160000.0,95.0,Jumia TN,L-TN-00113125,1684.2105263157894
Ariana,680000.0,324.0,Jumia TN,L-TN-00112629,2098.7654320987654
Ben arous,165000.0,100.0,Jumia TN,L-TN-00114697,1650.0
Ben arous,250000.0,158.0,Jumia TN,L-TN-00146758,1582.2784810126582
Sousse,208000.0,130.0,Jumia TN,L-TN-00153456,1600.0
Sousse,320000.0,100.0,Jumia TN,L-TN-00122894,3200.0
Sousse,280000.0,155.0,Jumia TN,L-TN-00143392,1806.4516129032259
Banlieue Nord,200000.0,120.0,Jumia TN,L-TN-00147304,1666.6666666666667
Nabeul,280000.0,150.0,Jumia TN,L-TN-00153408,1866.6666666666667
Banlieue Nord,394000.0,145.0,Jumia TN,L-TN-00161420,2717.2413793103447
Banlieue Nord,450000.0,600.0,Jumia TN,L-TN-00149764,750.0
Sousse,138000.0,40.0,Jumia TN,L-TN-00147972,3450.0
Banlieue Nord,205000.0,74.0,Jumia TN,L-TN-00161446,2770.2702702702704
Ariana,165000.0,70.0,Jumia TN,L-TN-00151378,2357.1428571428573
Ben arous,120000.0,85.0,Jumia TN,L-TN-00150100,1411.764705882353
Nabeul,340000.0,125.0,Jumia TN,L-TN-00093365,2720.0
Ben arous,210000.0,144.0,Jumia TN,L-TN-00128505,1458.3333333333333
Ben arous,220000.0,144.0,Jumia TN,L-TN-00128164,1527.7777777777778
Ben arous,160000.0,100.0,Jumia TN,L-TN-00156165,1600.0
Nabeul,125000.0,120.0,Jumia TN,L-TN-00161790,1041.6666666666667
Banlieue Nord,129975.0,52.0,Jumia TN,L-TN-00147637,2499.519230769231
Ariana,385000.0,180.0,Jumia TN,L-TN-00115146,2138.8888888888887
Banlieue Nord,91000.0,73.0,Jumia TN,L-TN-00104111,1246.5753424657535
Sousse,360000.0,90.0,Jumia TN,L-TN-00138861,4000.0
Ben arous,160000.0,110.0,Jumia TN,L-TN-00129769,1454.5454545454545
Ben arous,130000.0,79.0,Jumia TN,L-TN-00128503,1645.5696202531647
Ariana,410000.0,19.0,Jumia TN,L-TN-00155515,21578.947368421053
Ben arous,125000.0,90.0,Jumia TN,L-TN-00132653,1388.888888888889
Ben arous,285000.0,150.0,Jumia TN,L-TN-00137140,1900.0
Bizerte,200000.0,130.0,Jumia TN,L-TN-00083738,1538.4615384615386
Nabeul,55000.0,80.0,Jumia TN,L-TN-00090336,687.5
Banlieue Nord,300000.0,99.0,Jumia TN,L-TN-00150539,3030.3030303030305
Ariana,2500.0,143.0,Jumia TN,L-TN-00148798,17.482517482517483
Ben arous,135000.0,100.0,Jumia TN,L-TN-00123686,1350.0
Ariana,85000.0,100.0,Jumia TN,L-TN-00157982,850.0
Banlieue Nord,360000.0,150.0,Jumia TN,L-TN-00099954,2400.0
Nabeul,185000.0,107.0,Jumia TN,L-TN-00145130,1728.9719626168223
Ariana,486000.0,184.0,Jumia TN,L-TN-00127503,2641.304347826087
Banlieue Nord,250000.0,100.0,Jumia TN,L-TN-00163425,2500.0
Ben arous,270000.0,400.0,Jumia TN,L-TN-00137163,675.0
Ariana,600000.0,310.0,Jumia TN,L-TN-00148800,1935.483870967742
Banlieue Nord,518000.0,174.0,Jumia TN,L-TN-00112924,2977.0114942528735
Ariana,206000.0,118.0,Jumia TN,L-TN-00154536,1745.7627118644068
Ariana,250000.0,171.0,Jumia TN,L-TN-00157180,1461.9883040935672
Nabeul,390000.0,100.0,Jumia TN,L-TN-00142359,3900.0
Banlieue Nord,495000.0,140.0,Jumia TN,L-TN-00128194,3535.714285714286
Nabeul,350000.0,70.0,Jumia TN,L-TN-00155938,5000.0
Banlieue Nord,2500.0,85.0,Jumia TN,L-TN-00146601,29.41176470588235
Sousse,250000.0,170.0,Jumia TN,L-TN-00145675,1470.5882352941176
Nabeul,65000.0,75.0,Jumia TN,L-TN-00145147,866.6666666666666
Ariana,188000.0,100.0,Jumia TN,L-TN-00138927,1880.0
Banlieue Nord,270000.0,100.0,Jumia TN,L-TN-00164294,2700.0
Sousse,200000.0,100.0,Jumia TN,L-TN-00130883,2000.0
Sousse,1000.0,90.0,Jumia TN,L-TN-00107456,11.11111111111111
Banlieue Nord,200000.0,120.0,Jumia TN,L-TN-00147559,1666.6666666666667
Ben arous,110000.0,90.0,Jumia TN,L-TN-00121408,1222.2222222222222
Sousse,95000.0,54.0,Jumia TN,L-TN-00128932,1759.2592592592594
Nabeul,420000.0,192.0,Jumia TN,L-TN-00159774,2187.5
Ariana,250000.0,104.0,Jumia TN,L-TN-00159287,2403.846153846154
Nabeul,145000.0,70.0,Jumia TN,L-TN-00157812,2071.4285714285716
Banlieue Nord,215000.0,105.0,Jumia TN,L-TN-00150643,2047.6190476190477
Banlieue Nord,662000.0,241.0,Jumia TN,L-TN-00161413,2746.8879668049794
Ariana,250000.0,171.0,Jumia TN,L-TN-00154525,1461.9883040935672
Sousse,380000.0,150.0,Jumia TN,L-TN-00105952,2533.3333333333335
Ben arous,250000.0,158.0,Jumia TN,L-TN-00163498,1582.2784810126582
Banlieue Nord,415000.0,160.0,Jumia TN,L-TN-00137327,2593.75
Sousse,850000.0,220.0,Jumia TN,L-TN-00126519,3863.6363636363635
Ariana,381250.0,140.0,Jumia TN,L-TN-00136435,2723.214285714286
Ben arous,150000.0,88.0,Jumia TN,L-TN-00133102,1704.5454545454545
Sousse,55000.0,85.0,Jumia TN,L-TN-00156940,647.0588235294117
Bizerte,120000.0,90.0,Jumia TN,L-TN-00146443,1333.3333333333333
Nabeul,350000.0,113.0,Jumia TN,L-TN-00101102,3097.3451327433627
Sousse,190000.0,116.0,Jumia TN,L-TN-00155696,1637.9310344827586
Sousse,200000.0,110.0,Jumia TN,L-TN-00153631,1818.1818181818182
Banlieue Nord,130000.0,40.0,Jumia TN,L-TN-00131249,3250.0
Banlieue Nord,400000.0,250.0,Jumia TN,L-TN-00134312,1600.0
Sousse,168000.0,130.0,Jumia TN,L-TN-00156932,1292.3076923076924
Ben arous,135000.0,110.0,Jumia TN,L-TN-00132952,1227.2727272727273
Sousse,330000.0,100.0,Jumia TN,L-TN-00120904,3300.0
Banlieue Nord,195000.0,67.0,Jumia TN,L-TN-00135593,2910.4477611940297
Nabeul,155000.0,141.0,Jumia TN,L-TN-00145703,1099.290780141844
Banlieue Nord,465000.0,141.0,Jumia TN,L-TN-00111422,3297.872340425532
Sousse,180000.0,119.0,Jumia TN,L-TN-00122888,1512.6050420168067
Ben arous,190000.0,137.0,Jumia TN,L-TN-00113669,1386.8613138686133
Banlieue Nord,190000.0,76.0,Jumia TN,L-TN-00153118,2500.0
Banlieue Nord,120000.0,100.0,Jumia TN,L-TN-00135488,1200.0
Ariana,470000.0,200.0,Jumia TN,L-TN-00140799,2350.0
Banlieue Nord,450000.0,306.0,Jumia TN,L-TN-00112112,1470.5882352941176
Ariana,470000.0,179.0,Jumia TN,L-TN-00150538,2625.6983240223462
Banlieue Nord,197000.0,135.0,Jumia TN,L-TN-00148682,1459.2592592592594
Banlieue Nord,270000.0,148.0,Jumia TN,L-TN-00134247,1824.3243243243244
Ariana,200000.0,85.0,Jumia TN,L-TN-00136311,2352.9411764705883
Banlieue Nord,276000.0,120.0,Jumia TN,L-TN-00149274,2300.0
Nabeul,450000.0,180.0,Jumia TN,L-TN-00122011,2500.0
Banlieue Nord,1450000.0,362.0,Jumia TN,L-TN-00142204,4005.524861878453
Sousse,180000.0,115.0,Jumia TN,L-TN-00156635,1565.2173913043478
Banlieue Nord,330000.0,110.0,Jumia TN,L-TN-00126496,3000.0
Ariana,264000.0,110.0,Jumia TN,L-TN-00136488,2400.0
Ariana,110000.0,70.0,Jumia TN,L-TN-00154599,1571.4285714285713
Sousse,180000.0,120.0,Jumia TN,L-TN-00137634,1500.0
Banlieue Nord,190000.0,75.0,Jumia TN,L-TN-00154094,2533.3333333333335
Ariana,215000.0,134.0,Jumia TN,L-TN-00104832,1604.4776119402984
Ben arous,256900.0,180.0,Jumia TN,L-TN-00123027,1427.2222222222222
Banlieue Nord,310000.0,155.0,Jumia TN,L-TN-00152779,2000.0
Sousse,180000.0,100.0,Jumia TN,L-TN-00140916,1800.0
Ben arous,220000.0,146.0,Jumia TN,L-TN-00141426,1506.849315068493
Ariana,206000.0,118.0,Jumia TN,L-TN-00159308,1745.7627118644068
Ariana,260000.0,140.0,Jumia TN,L-TN-00107588,1857.142857142857
Ariana,89880.0,54.0,Jumia TN,L-TN-00150442,1664.4444444444443
Banlieue Nord,280000.0,123.0,Jumia TN,L-TN-00147235,2276.4227642276423
Ariana,150360.0,90.0,Jumia TN,L-TN-00150739,1670.6666666666667
Banlieue Nord,210000.0,134.0,Jumia TN,L-TN-00160002,1567.1641791044776
Sousse,152550.0,100.0,Jumia TN,L-TN-00150440,1525.5
Ariana,300000.0,139.0,Jumia TN,L-TN-00150404,2158.273381294964
Nabeul,308000.0,140.0,Jumia TN,L-TN-00144987,2200.0
Sousse,130000.0,90.0,Jumia TN,L-TN-00115857,1444.4444444444443
Ariana,255000.0,120.0,Jumia TN,L-TN-00154671,2125.0
Bizerte,115000.0,90.0,Jumia TN,L-TN-00152543,1277.7777777777778
Banlieue Nord,205000.0,47.0,Jumia TN,L-TN-00148156,4361.702127659574
Nabeul,130000.0,65.0,Jumia TN,L-TN-00156528,2000.0
Sousse,557387.0,139.0,Jumia TN,L-TN-00152479,4009.978417266187
Banlieue Nord,450000.0,150.0,Jumia TN,L-TN-00156951,3000.0
Ariana,250000.0,200.0,Jumia TN,L-TN-00147892,1250.0
Ariana,250000.0,136.0,Jumia TN,L-TN-00154685,1838.235294117647
Sousse,169000.0,106.0,Jumia TN,L-TN-00155352,1594.3396226415093
Ariana,500.0,120.0,Jumia TN,L-TN-00158113,4.166666666666667
Ariana,335461.0,169.0,Jumia TN,L-TN-00146139,1984.9763313609467
Ariana,155000.0,130.0,Jumia TN,L-TN-00151012,1192.3076923076924
Mahdia,278900.0,115.0,Jumia TN,L-TN-00100385,2425.217391304348
Sousse,410000.0,165.0,Jumia TN,L-TN-00131579,2484.848484848485
Mannouba,130000.0,105.0,Jumia TN,L-TN-00132437,1238.095238095238
Nabeul,250000.0,144.0,Jumia TN,L-TN-00072504,1736.111111111111
Banlieue Nord,1442.0,87.0,Jumia TN,L-TN-00141941,16.57471264367816
Ariana,363000.0,158.0,Jumia TN,L-TN-00135084,2297.46835443038
Banlieue Nord,1460000.0,205.0,Jumia TN,L-TN-00146870,7121.951219512195
Banlieue Nord,411000.0,179.0,Jumia TN,L-TN-00149767,2296.08938547486
Banlieue Nord,417000.0,154.0,Jumia TN,L-TN-00161427,2707.7922077922076
Banlieue Nord,135000.0,65.0,Jumia TN,L-TN-00152575,2076.923076923077
Nabeul,150000.0,97.0,Jumia TN,L-TN-00152873,1546.3917525773195
Ariana,230000.0,118.0,Jumia TN,L-TN-00163662,1949.1525423728813
Sousse,245.0,105.0,Jumia TN,L-TN-00142370,2.3333333333333335
Banlieue Nord,364000.0,130.0,Jumia TN,L-TN-00136564,2800.0
Ariana,418000.0,168.0,Jumia TN,L-TN-00148984,2488.095238095238
Sousse,239000.0,120.0,Jumia TN,L-TN-00142073,1991.6666666666667
Ariana,185000.0,72.0,Jumia TN,L-TN-00127540,2569.4444444444443
Ariana,293000.0,144.0,Jumia TN,L-TN-00150511,2034.7222222222222
Sousse,180000.0,87.0,Jumia TN,L-TN-00136625,2068.9655172413795
Sousse,280000.0,50.0,Jumia TN,L-TN-00146914,5600.0
Banlieue Nord,495000.0,168.0,Jumia TN,L-TN-00123132,2946.4285714285716
Ariana,96040.0,53.0,Jumia TN,L-TN-00149690,1812.0754716981132
Nabeul,400000.0,171.0,Jumia TN,L-TN-00107462,2339.1812865497077
Banlieue Nord,750000.0,120.0,Jumia TN,L-TN-00129440,6250.0
Sousse,180000.0,115.0,Jumia TN,L-TN-00135335,1565.2173913043478
Sousse,1100000.0,250.0,Jumia TN,L-TN-00121461,4400.0
Sousse,380000.0,162.0,Jumia TN,L-TN-00105498,2345.679012345679
Banlieue Nord,220000.0,77.0,Jumia TN,L-TN-00136615,2857.1428571428573
Ariana,75000.0,50.0,Jumia TN,L-TN-00153708,1500.0
Ariana,356000.0,137.0,Jumia TN,L-TN-00129066,2598.5401459854015
Sousse,185000.0,150.0,Jumia TN,L-TN-00154659,1233.3333333333333
Banlieue Nord,383000.0,151.0,Jumia TN,L-TN-00158368,2536.4238410596026
Ariana,150360.0,89.0,Jumia TN,L-TN-00155247,1689.438202247191
Banlieue Nord,525000.0,118.0,Jumia TN,L-TN-00137938,4449.152542372882
Ariana,205000.0,105.0,Jumia TN,L-TN-00154710,1952.3809523809523
Banlieue Nord,240000.0,85.0,Jumia TN,L-TN-00146320,2823.529411764706
Banlieue Nord,306000.0,116.0,Jumia TN,L-TN-00158373,2637.9310344827586
Sousse,360000.0,90.0,Jumia TN,L-TN-00155681,4000.0
Ben arous,190000.0,130.0,Jumia TN,L-TN-00123968,1461.5384615384614
Banlieue Nord,159000.0,70.0,Jumia TN,L-TN-00154635,2271.4285714285716
Banlieue Nord,450000.0,285.0,Jumia TN,L-TN-00163304,1578.9473684210527
Ariana,570000.0,228.0,Jumia TN,L-TN-00147504,2500.0
Banlieue Nord,375000.0,65.0,Jumia TN,L-TN-00147355,5769.2307692307695
Banlieue Nord,950000.0,231.0,Jumia TN,L-TN-00112110,4112.554112554112
Sousse,160000.0,95.0,Jumia TN,L-TN-00120824,1684.2105263157894
Sousse,138000.0,40.0,Jumia TN,L-TN-00147987,3450.0
Ariana,308000.0,145.0,Jumia TN,L-TN-00132419,2124.137931034483
Banlieue Nord,205000.0,105.0,Jumia TN,L-TN-00153683,1952.3809523809523
Djerba,400000.0,294.0,Jumia TN,L-TN-00135218,1360.544217687075
Ariana,215000.0,102.0,Jumia TN,L-TN-00159262,2107.843137254902
Banlieue Nord,237600.0,88.0,Jumia TN,L-TN-00106642,2700.0
Banlieue Nord,238000.0,138.0,Jumia TN,L-TN-00104829,1724.6376811594203
Banlieue Nord,350000.0,140.0,Jumia TN,L-TN-00131940,2500.0
Sousse,130000.0,79.0,Jumia TN,L-TN-00155366,1645.5696202531647
Nabeul,300000.0,169.0,Jumia TN,L-TN-00100604,1775.1479289940828
Ariana,170000.0,147.0,Jumia TN,L-TN-00154875,1156.4625850340135
Ariana,257000.0,136.0,Jumia TN,L-TN-00153116,1889.7058823529412
Ariana,250000.0,171.0,Jumia TN,L-TN-00151374,1461.9883040935672
Sousse,450000.0,134.0,Jumia TN,L-TN-00115893,3358.208955223881
Ariana,208000.0,106.0,Jumia TN,L-TN-00148724,1962.2641509433963
Banlieue Nord,205000.0,105.0,Jumia TN,L-TN-00154266,1952.3809523809523
Banlieue Nord,659000.0,240.0,Jumia TN,L-TN-00161409,2745.8333333333335
Nabeul,335000.0,147.0,Jumia TN,L-TN-00129007,2278.91156462585
Banlieue Nord,250000.0,112.0,Jumia TN,L-TN-00149836,2232.1428571428573
Sousse,248000.0,113.0,Jumia TN,L-TN-00140784,2194.690265486726
Banlieue Nord,560000.0,163.0,Jumia TN,L-TN-00113949,3435.5828220858893
Ariana,212870.0,122.0,Jumia TN,L-TN-00153326,1744.8360655737704
Ariana,85680.0,51.0,Jumia TN,L-TN-00149557,1680.0
Nabeul,220000.0,117.0,Jumia TN,L-TN-00161573,1880.3418803418804
Nabeul,1300000.0,254.0,Jumia TN,L-TN-00148365,5118.110236220473
Banlieue Nord,200000.0,65.0,Jumia TN,L-TN-00142539,3076.923076923077
Sousse,220000.0,138.0,Jumia TN,L-TN-00136630,1594.2028985507247
Bizerte,210000.0,60.0,Jumia TN,L-TN-00160846,3500.0
Ariana,160000.0,150.0,Jumia TN,L-TN-00154302,1066.6666666666667
Ariana,250000.0,136.0,Jumia TN,L-TN-00157597,1838.235294117647
Ariana,357425.0,143.0,Jumia TN,L-TN-00153784,2499.4755244755243
Sousse,160000.0,122.0,Jumia TN,L-TN-00154224,1311.4754098360656
Ben arous,490000.0,200.0,Jumia TN,L-TN-00114694,2450.0
Nabeul,380000.0,150.0,Jumia TN,L-TN-00090328,2533.3333333333335
Ariana,68880.0,41.0,Jumia TN,L-TN-00150553,1680.0
Sousse,240000.0,170.0,Jumia TN,L-TN-00132845,1411.764705882353
Ariana,119000.0,70.0,Jumia TN,L-TN-00158645,1700.0
Ben arous,200000.0,187.0,Jumia TN,L-TN-00150617,1069.51871657754
Ariana,153000.0,130.0,Jumia TN,L-TN-00154284,1176.923076923077
Nabeul,135000.0,200.0,Jumia TN,L-TN-00126297,675.0
Monastir,125000.0,70.0,Jumia TN,L-TN-00115144,1785.7142857142858
Ariana,250000.0,172.0,Jumia TN,L-TN-00154015,1453.4883720930231
Nabeul,750000.0,400.0,Jumia TN,L-TN-00147731,1875.0
Nabeul,190000.0,74.0,Jumia TN,L-TN-00101704,2567.5675675675675
Ben arous,105000.0,64.0,Jumia TN,L-TN-00136604,1640.625
Ariana,462000.0,201.0,Jumia TN,L-TN-00133014,2298.507462686567
Banlieue Nord,204000.0,77.0,Jumia TN,L-TN-00161444,2649.3506493506493
Banlieue Nord,178000.0,105.0,Jumia TN,L-TN-00149231,1695.2380952380952
Ariana,182000.0,65.0,Jumia TN,L-TN-00159342,2800.0
Nabeul,160000.0,67.0,Jumia TN,L-TN-00148900,2388.0597014925374
Ben arous,215000.0,100.0,Jumia TN,L-TN-00163493,2150.0
Ariana,400000.0,180.0,Jumia TN,L-TN-00087492,2222.222222222222
Banlieue Nord,405000.0,150.0,Jumia TN,L-TN-00161429,2700.0
Sousse,285000.0,135.0,Jumia TN,L-TN-00161751,2111.1111111111113
Sousse,322000.0,119.0,Jumia TN,L-TN-00140509,2705.8823529411766
Sousse,230000.0,76.0,Jumia TN,L-TN-00140283,3026.315789473684
Banlieue Nord,500000.0,300.0,Jumia TN,L-TN-00149783,1666.6666666666667
Ariana,260000.0,120.0,Jumia TN,L-TN-00153113,2166.6666666666665
Ben arous,163000.0,100.0,Jumia TN,L-TN-00114705,1630.0
Sousse,180000.0,87.0,Jumia TN,L-TN-00139374,2068.9655172413795
Sousse,100000.0,78.0,Jumia TN,L-TN-00105642,1282.051282051282
Ariana,125000.0,56.0,Jumia TN,L-TN-00149796,2232.1428571428573
Ariana,160000.0,150.0,Jumia TN,L-TN-00147477,1066.6666666666667
Sousse,60.0,80.0,Jumia TN,L-TN-00138592,0.75
Banlieue Nord,313800.0,133.0,Jumia TN,L-TN-00158098,2359.3984962406016
Banlieue Nord,692000.0,236.0,Jumia TN,L-TN-00149807,2932.2033898305085
Banlieue Nord,450000.0,174.0,Jumia TN,L-TN-00126511,2586.206896551724
Ariana,551000.0,155.0,Jumia TN,L-TN-00129070,3554.8387096774195
Ariana,255000.0,120.0,Jumia TN,L-TN-00153664,2125.0
Ariana,206000.0,118.0,Jumia TN,L-TN-00154606,1745.7627118644068
Ariana,153000.0,130.0,Jumia TN,L-TN-00154273,1176.923076923077
Ariana,223000.0,106.0,Jumia TN,L-TN-00113685,2103.7735849056603
Sousse,195000.0,90.0,Jumia TN,L-TN-00134258,2166.6666666666665
Nabeul,216000.0,92.0,Jumia TN,L-TN-00144988,2347.8260869565215
Sousse,360000.0,140.0,Jumia TN,L-TN-00155126,2571.4285714285716
Banlieue Nord,215000.0,100.0,Jumia TN,L-TN-00149552,2150.0
Banlieue Nord,190000.0,76.0,Jumia TN,L-TN-00153613,2500.0
Ariana,335000.0,157.0,Jumia TN,L-TN-00143764,2133.7579617834394
Sousse,87000.0,63.0,Jumia TN,L-TN-00100164,1380.952380952381
Sousse,131000.0,64.0,Jumia TN,L-TN-00112453,2046.875
Sousse,320000.0,220.0,Jumia TN,L-TN-00103098,1454.5454545454545
Banlieue Nord,905000.0,411.0,Jumia TN,L-TN-00140157,2201.9464720194646
Ariana,543904.0,236.0,Jumia TN,L-TN-00105103,2304.677966101695
Banlieue Nord,520000.0,168.0,Jumia TN,L-TN-00125996,3095.2380952380954
Ariana,600000.0,310.0,Jumia TN,L-TN-00155274,1935.483870967742
Sfax,140000.0,98.0,Jumia TN,L-TN-00139670,1428.5714285714287
Sfax,75000.0,70.0,Jumia TN,L-TN-00149758,1071.4285714285713
Nabeul,155000.0,141.0,Jumia TN,L-TN-00145603,1099.290780141844
Nabeul,305000.0,104.0,Jumia TN,L-TN-00156144,2932.6923076923076
Sousse,250000.0,148.0,Jumia TN,L-TN-00159102,1689.1891891891892
Banlieue Nord,620000.0,185.0,Jumia TN,L-TN-00154292,3351.3513513513512
Banlieue Nord,580000.0,185.0,Jumia TN,L-TN-00159289,3135.135135135135
Ariana,540000.0,209.0,Jumia TN,L-TN-00128827,2583.732057416268
Banlieue Nord,547000.0,238.0,Jumia TN,L-TN-00158100,2298.3193277310925
Sousse,320000.0,158.0,Jumia TN,L-TN-00114557,2025.3164556962026
Sousse,360000.0,70.0,Jumia TN,L-TN-00131087,5142.857142857143
Banlieue Nord,393000.0,145.0,Jumia TN,L-TN-00161424,2710.344827586207
Nabeul,550000.0,455.0,Jumia TN,L-TN-00145023,1208.7912087912089
Sousse,360000.0,90.0,Jumia TN,L-TN-00161627,4000.0
Ariana,261988.0,131.0,Jumia TN,L-TN-00146138,1999.9083969465648
Sousse,130000.0,99.0,Jumia TN,L-TN-00154221,1313.1313131313132
Banlieue Nord,334400.0,152.0,Jumia TN,L-TN-00136503,2200.0
Nabeul,200000.0,107.0,Jumia TN,L-TN-00153135,1869.1588785046729
Banlieue Nord,470000.0,163.0,Jumia TN,L-TN-00163321,2883.435582822086
Sousse,155000.0,155.0,Jumia TN,L-TN-00146885,1000.0
Nabeul,130000.0,95.0,Jumia TN,L-TN-00113285,1368.421052631579
Banlieue Nord,500000.0,187.0,Jumia TN,L-TN-00153501,2673.7967914438505
Banlieue Nord,330000.0,145.0,Jumia TN,L-TN-00149762,2275.862068965517
Sousse,165000.0,70.0,Jumia TN,L-TN-00148584,2357.1428571428573
Ariana,165000.0,70.0,Jumia TN,L-TN-00148802,2357.1428571428573
Ben arous,185000.0,125.0,Jumia TN,L-TN-00154319,1480.0
Ariana,125000.0,60.0,Jumia TN,L-TN-00145830,2083.3333333333335
Nabeul,430000.0,180.0,Jumia TN,L-TN-00155300,2388.8888888888887
Banlieue Nord,500000.0,220.0,Jumia TN,L-TN-00153244,2272.7272727272725
Nabeul,242000.0,60.0,Jumia TN,L-TN-00153962,4033.3333333333335
Sousse,180000.0,144.0,Jumia TN,L-TN-00160193,1250.0
Ariana,500000.0,246.0,Jumia TN,L-TN-00149774,2032.520325203252
Sousse,360000.0,100.0,Jumia TN,L-TN-00159078,3600.0
Sousse,440000.0,132.0,Jumia TN,L-TN-00147247,3333.3333333333335
Sousse,222000.0,101.0,Jumia TN,L-TN-00145714,2198.019801980198
Nabeul,280000.0,95.0,Jumia TN,L-TN-00147117,2947.3684210526317
Ariana,260000.0,112.0,Jumia TN,L-TN-00147258,2321.4285714285716
Nabeul,327699.0,137.0,Jumia TN,L-TN-00163757,2391.963503649635
Banlieue Nord,445000.0,201.0,Jumia TN,L-TN-00149474,2213.9303482587065
Sousse,206000.0,139.0,Jumia TN,L-TN-00156855,1482.0143884892086
Ben arous,185000.0,95.0,Jumia TN,L-TN-00134549,1947.3684210526317
Ariana,506000.0,220.0,Jumia TN,L-TN-00126518,2300.0
Nabeul,1300000.0,254.0,Jumia TN,L-TN-00147838,5118.110236220473
Banlieue Nord,345500.0,156.0,Jumia TN,L-TN-00142644,2214.74358974359
Nabeul,330000.0,120.0,Jumia TN,L-TN-00155889,2750.0
Banlieue Nord,450000.0,156.0,Jumia TN,L-TN-00155162,2884.6153846153848
Nabeul,190000.0,55.0,Jumia TN,L-TN-00155888,3454.5454545454545
Ariana,110000.0,71.0,Jumia TN,L-TN-00154306,1549.2957746478874
Banlieue Nord,450000.0,173.0,Jumia TN,L-TN-00153743,2601.156069364162
Banlieue Nord,405000.0,150.0,Jumia TN,L-TN-00161431,2700.0
Nabeul,350000.0,100.0,Jumia TN,L-TN-00163519,3500.0
Nabeul,205000.0,97.0,Jumia TN,L-TN-00163512,2113.40206185567
Ariana,250000.0,171.0,Jumia TN,L-TN-00154596,1461.9883040935672
Banlieue Nord,396000.0,146.0,Jumia TN,L-TN-00161419,2712.328767123288
Ariana,288470.0,167.0,Jumia TN,L-TN-00153364,1727.3652694610778
Sousse,405000.0,135.0,Jumia TN,L-TN-00163791,3000.0
Ariana,444000.0,195.0,Jumia TN,L-TN-00157098,2276.923076923077
Ariana,260000.0,120.0,Jumia TN,L-TN-00153410,2166.6666666666665
Sousse,190000.0,144.0,Jumia TN,L-TN-00159740,1319.4444444444443
Ben arous,239000.0,147.0,Jumia TN,L-TN-00156791,1625.8503401360545
Sousse,150000.0,42.0,Jumia TN,L-TN-00159610,3571.4285714285716
Banlieue Nord,530000.0,136.0,Jumia TN,L-TN-00164093,3897.0588235294117
Banlieue Nord,205000.0,105.0,Jumia TN,L-TN-00155263,1952.3809523809523
Sousse,150000.0,42.0,Jumia TN,L-TN-00159609,3571.4285714285716
Banlieue Nord,280000.0,7.0,Jumia TN,L-TN-00153005,40000.0
Ben arous,250000.0,160.0,Jumia TN,L-TN-00162044,1562.5
Banlieue Nord,250000.0,150.0,Jumia TN,L-TN-00154272,1666.6666666666667
Ariana,220000.0,130.0,Jumia TN,L-TN-00159075,1692.3076923076924
Ariana,185000.0,100.0,Jumia TN,L-TN-00158771,1850.0
Nabeul,125000.0,120.0,Jumia TN,L-TN-00159035,1041.6666666666667
Banlieue Nord,215000.0,102.0,Jumia TN,L-TN-00159868,2107.843137254902
Ben arous,103000.0,105.0,Jumia TN,L-TN-00157207,980.952380952381
Ben arous,120900.0,86.0,Jumia TN,L-TN-00123014,1405.8139534883721
Banlieue Nord,460000.0,178.0,Jumia TN,L-TN-00161305,2584.2696629213483
Nabeul,245000.0,132.0,Jumia TN,L-TN-00159206,1856.060606060606
Sousse,190000.0,116.0,Jumia TN,L-TN-00158267,1637.9310344827586
Banlieue Nord,496000.0,138.0,Jumia TN,L-TN-00163582,3594.2028985507245
Nabeul,240000.0,96.0,Jumia TN,L-TN-00164049,2500.0
Banlieue Nord,406000.0,150.0,Jumia TN,L-TN-00161430,2706.6666666666665
Sousse,200000.0,125.0,Jumia TN,L-TN-00162530,1600.0
Banlieue Nord,440000.0,184.0,Jumia TN,L-TN-00158210,2391.304347826087
Banlieue Nord,215000.0,78.0,Jumia TN,L-TN-00161447,2756.4102564102564
Sousse,260000.0,137.0,Jumia TN,L-TN-00155687,1897.8102189781023
Ariana,145000.0,90.0,Jumia TN,L-TN-00161640,1611.111111111111
Nabeul,308000.0,140.0,Jumia TN,L-TN-00161801,2200.0
Sousse,285000.0,135.0,Jumia TN,L-TN-00157593,2111.1111111111113
Banlieue Nord,216000.0,78.0,Jumia TN,L-TN-00161450,2769.230769230769
Ben arous,272450.0,195.0,Jumia TN,L-TN-00123026,1397.179487179487
Banlieue Nord,245000.0,90.0,Jumia TN,L-TN-00158942,2722.222222222222
Sousse,255000.0,183.0,Jumia TN,L-TN-00161749,1393.4426229508197
Nabeul,205000.0,97.0,Jumia TN,L-TN-00158255,2113.40206185567
Sousse,160000.0,107.0,Jumia TN,L-TN-00156873,1495.3271028037384
Ariana,367000.0,145.0,Jumia TN,L-TN-00159323,2531.0344827586205
Nabeul,350077.0,154.0,Jumia TN,L-TN-00163823,2273.2272727272725
Sousse,130000.0,99.0,Jumia TN,L-TN-00159795,1313.1313131313132
Sousse,226000.0,103.0,Jumia TN,L-TN-00159759,2194.1747572815534
Nabeul,175000.0,90.0,Jumia TN,L-TN-00157811,1944.4444444444443
Nabeul,158519.0,65.0,Jumia TN,L-TN-00163772,2438.753846153846
Banlieue Nord,350000.0,179.0,Jumia TN,L-TN-00163307,1955.3072625698323
Ariana,350000.0,175.0,Jumia TN,L-TN-00164058,2000.0
Sousse,115000.0,75.0,Jumia TN,L-TN-00162092,1533.3333333333333
Ariana,170000.0,147.0,Jumia TN,L-TN-00158644,1156.4625850340135
Ariana,175000.0,90.0,Jumia TN,L-TN-00159216,1944.4444444444443
Banlieue Nord,700000.0,360.0,Jumia TN,L-TN-00157205,1944.4444444444443
Ben arous,248000.0,105.0,Jumia TN,L-TN-00161179,2361.904761904762
Banlieue Nord,920000.0,168.0,Jumia TN,L-TN-00163429,5476.190476190476
Banlieue Nord,393000.0,145.0,Jumia TN,L-TN-00161426,2710.344827586207
Sousse,138000.0,40.0,Jumia TN,L-TN-00158607,3450.0
Ariana,310000.0,164.0,Jumia TN,L-TN-00161973,1890.2439024390244
Ben arous,215000.0,99.0,Jumia TN,L-TN-00161937,2171.717171717172
Banlieue Nord,177000.0,90.0,Jumia TN,L-TN-00163539,1966.6666666666667
Nabeul,190000.0,95.0,Jumia TN,L-TN-00161549,2000.0
Banlieue Nord,380000.0,90.0,Jumia TN,L-TN-00158713,4222.222222222223
Sousse,385000.0,161.0,Jumia TN,L-TN-00163598,2391.304347826087
Sousse,330000.0,153.0,Jumia TN,L-TN-00162190,2156.8627450980393
Banlieue Nord,294000.0,111.0,Jumia TN,L-TN-00158120,2648.6486486486488
Banlieue Nord,550000.0,190.0,Jumia TN,L-TN-00158298,2894.7368421052633
Sousse,158000.0,110.0,Jumia TN,L-TN-00159430,1436.3636363636363
Sousse,89000.0,60.0,Jumia TN,L-TN-00161605,1483.3333333333333
Sousse,55000.0,85.0,Jumia TN,L-TN-00160770,647.0588235294117
Banlieue Nord,653000.0,238.0,Jumia TN,L-TN-00161411,2743.6974789915967
Nabeul,256745.0,108.0,Jumia TN,L-TN-00163762,2377.2685185185187
Nabeul,65000.0,80.0,Jumia TN,L-TN-00161588,812.5
Nabeul,270000.0,95.0,Jumia TN,L-TN-00161817,2842.1052631578946
Sousse,175000.0,67.0,Jumia TN,L-TN-00163225,2611.9402985074626
Ariana,250000.0,104.0,Jumia TN,L-TN-00163977,2403.846153846154
Nabeul,220000.0,176.0,Jumia TN,L-TN-00162376,1250.0
Nabeul,350000.0,100.0,Jumia TN,L-TN-00161276,3500.0
Ben arous,95000.0,90.0,Jumia TN,L-TN-00121594,1055.5555555555557
Sousse,244000.0,111.0,Jumia TN,L-TN-00161860,2198.198198198198
Banlieue Nord,222000.0,81.0,Jumia TN,L-TN-00161448,2740.740740740741
Banlieue Nord,545000.0,109.0,Jumia TN,L-TN-00102664,5000.0
Sousse,170000.0,106.0,Jumia TN,L-TN-00161586,1603.7735849056603
Ariana,235000.0,116.0,Jumia TN,L-TN-00163361,2025.8620689655172
Sousse,297000.0,135.0,Jumia TN,L-TN-00159779,2200.0
Banlieue Nord,335.0,169.0,Jumia TN,L-TN-00163574,1.982248520710059
Banlieue Nord,630000.0,171.0,Jumia TN,L-TN-00164064,3684.2105263157896
Sousse,340000.0,72.0,Jumia TN,L-TN-00159683,4722.222222222223
Ariana,498000.0,172.0,Jumia TN,L-TN-00156670,2895.3488372093025
Banlieue Nord,491000.0,217.0,Jumia TN,L-TN-00149406,2262.672811059908
Banlieue Nord,185000.0,92.0,Jumia TN,L-TN-00153000,2010.8695652173913
Ariana,700000.0,254.0,Jumia TN,L-TN-00104131,2755.9055118110236
Nabeul,180000.0,110.0,Jumia TN,L-TN-00132788,1636.3636363636363
Banlieue Nord,450000.0,150.0,Jumia TN,L-TN-00162445,3000.0
Banlieue Nord,390000.0,180.0,Jumia TN,L-TN-00149440,2166.6666666666665
Banlieue Nord,457800.0,120.0,Jumia TN,L-TN-00085071,3815.0
Banlieue Nord,200000.0,63.0,Jumia TN,L-TN-00159175,3174.6031746031745
Banlieue Nord,263000.0,89.0,Jumia TN,L-TN-00137257,2955.0561797752807
Ariana,450000.0,238.0,Jumia TN,L-TN-00153514,1890.7563025210084
Banlieue Nord,395000.0,150.0,Jumia TN,L-TN-00076632,2633.3333333333335
Banlieue Nord,343565.0,94.0,Jumia TN,L-TN-00154104,3654.946808510638
Sousse,280000.0,155.0,Jumia TN,L-TN-00134963,1806.4516129032259
Sousse,170000.0,75.0,Jumia TN,L-TN-00122569,2266.6666666666665
Ariana,179000.0,64.0,Jumia TN,L-TN-00148810,2796.875
Sousse,330000.0,105.0,Jumia TN,L-TN-00127646,3142.8571428571427
Ben arous,272450.0,195.0,Jumia TN,L-TN-00123023,1397.179487179487
Banlieue Nord,450000.0,127.0,Jumia TN,L-TN-00146166,3543.3070866141734
Ben arous,256900.0,180.0,Jumia TN,L-TN-00123025,1427.2222222222222
Nabeul,205000.0,87.0,Jumia TN,L-TN-00074669,2356.32183908046
Banlieue Nord,280000.0,65.0,Jumia TN,L-TN-00149624,4307.692307692308
Mahdia,214000.0,88.0,Jumia TN,L-TN-00100382,2431.818181818182
Banlieue Nord,430000.0,128.0,Jumia TN,L-TN-00050027,3359.375
Sousse,138000.0,40.0,Jumia TN,L-TN-00163318,3450.0
Nabeul,225000.0,94.0,Jumia TN,L-TN-00164123,2393.6170212765956
Ariana,365000.0,163.0,Jumia TN,L-TN-00142229,2239.2638036809817
Ariana,498000.0,172.0,Jumia TN,L-TN-00156670,2895.3488372093025
Banlieue Nord,304900.0,128.0,Jumia TN,L-TN-00158108,2382.03125
Banlieue Nord,170000.0,89.0,Jumia TN,L-TN-00159092,1910.112359550562
Ariana,490000.0,178.0,Jumia TN,L-TN-00132731,2752.808988764045
Banlieue Nord,390000.0,204.0,Jumia TN,L-TN-00161308,1911.764705882353
Banlieue Nord,450000.0,150.0,Jumia TN,L-TN-00162445,3000.0
Banlieue Nord,457800.0,120.0,Jumia TN,L-TN-00085071,3815.0
Banlieue Nord,200000.0,63.0,Jumia TN,L-TN-00159175,3174.6031746031745
Banlieue Nord,263000.0,89.0,Jumia TN,L-TN-00137257,2955.0561797752807
Ariana,450000.0,238.0,Jumia TN,L-TN-00153514,1890.7563025210084
Banlieue Nord,395000.0,150.0,Jumia TN,L-TN-00076632,2633.3333333333335
Banlieue Nord,343565.0,94.0,Jumia TN,L-TN-00154104,3654.946808510638
Sousse,300000.0,148.0,Jumia TN,L-TN-00153307,2027.027027027027
Nabeul,260000.0,81.0,Jumia TN,L-TN-00155611,3209.8765432098767
Sfax,112000.0,94.0,Jumia TN,L-TN-00153174,1191.4893617021276
Sfax,150000.0,134.0,Jumia TN,L-TN-00154080,1119.402985074627
Ben arous,130000.0,70.0,Jumia TN,L-TN-00130104,1857.142857142857
Banlieue Nord,400000.0,152.0,Jumia TN,L-TN-00152710,2631.5789473684213
Banlieue Nord,390000.0,176.0,Jumia TN,L-TN-00149432,2215.909090909091
Banlieue Nord,800000.0,636.0,Jumia TN,L-TN-00148417,1257.861635220126
Banlieue Nord,491000.0,217.0,Jumia TN,L-TN-00149406,2262.672811059908
Banlieue Nord,185000.0,92.0,Jumia TN,L-TN-00153000,2010.8695652173913
Ariana,700000.0,254.0,Jumia TN,L-TN-00104131,2755.9055118110236
Nabeul,180000.0,110.0,Jumia TN,L-TN-00132788,1636.3636363636363
Banlieue Nord,436000.0,120.0,Jumia TN,L-TN-00061607,3633.3333333333335
